id,type,title,text,tags
N001,knowledge,Efficient Market Hypothesis,Markets reflect available information. Hard to consistently beat the market.,"theory,markets"
N002,knowledge,Behavioral finance,Studies how biases affect financial decisions. Emotions can drive irrational trades.,"psychology,finance"
N003,knowledge,Loss aversion,Investors dislike losses more than they like gains. Leads to holding losers too long.,"behavioral,bias"
N004,knowledge,Overconfidence bias,Believing too strongly in one’s skill causes excessive trading and risk.,"behavioral,bias"
N005,knowledge,Anchoring bias,Fixating on past prices or numbers when making new decisions.,"behavioral,bias"
N006,knowledge,Herd behavior,"Copying what others do in markets, often during bubbles or crashes.","behavioral,bias"
N007,knowledge,Time value of money,A dollar today is worth more than a dollar tomorrow due to earning potential.,"finance,basics"
N008,knowledge,Compound interest,"Interest earns more interest over time. The longer invested, the greater the effect.","growth,basics"
N009,knowledge,Capital Asset Pricing Model,"Estimates expected return based on risk-free rate, beta, and market risk premium.","theory,valuation"
N010,knowledge,Beta coefficient,Measures sensitivity to market movements. Beta >1 is more volatile.,"metrics,risk"
N011,knowledge,Sharpe ratio,Risk-adjusted performance: excess return per unit of volatility.,"metrics,performance"
N012,knowledge,Sortino ratio,Like Sharpe but only penalizes downside volatility.,"metrics,performance"
N013,knowledge,Alpha generation,Performance above benchmark expectations. Difficult to sustain long-term.,"alpha,returns"
N014,knowledge,Passive investing,Tracking indexes instead of picking stocks. Low cost and broad diversification.,"strategy,passive"
N015,knowledge,Active investing,Selecting securities to outperform benchmarks. Requires research and skill.,"strategy,active"
N016,knowledge,Momentum investing,"Buying assets that have been rising in price, assuming the trend continues.","strategy,momentum"
N017,knowledge,Value investing,Buying undervalued companies based on fundamentals. Seeks margin of safety.,"strategy,value"
N018,knowledge,Growth investing,Investing in companies expected to grow earnings rapidly.,"strategy,growth"
N019,knowledge,Dividend investing,Focusing on stocks with consistent dividends. Common among income seekers.,"strategy,dividends"
N020,knowledge,Quantitative investing,Uses models and algorithms to make data-driven decisions.,"strategy,quant"
N021,knowledge,Market capitalization,Total company value = share price × shares outstanding.,"metrics,valuation"
N022,knowledge,Price-to-book ratio,Compares price to accounting book value per share.,"valuation,ratios"
N023,knowledge,Return on equity,Net income ÷ shareholders’ equity. Indicates profitability.,"metrics,profitability"
N024,knowledge,Debt-to-equity ratio,Measures leverage. Higher values mean more debt risk.,"metrics,leverage"
N025,knowledge,Earnings per share,Company profit divided by shares. Growth often drives price.,"metrics,earnings"
N026,knowledge,Free cash flow yield,Free cash flow ÷ market cap. Measures cash generation efficiency.,"valuation,metrics"
N027,knowledge,Discounted cash flow,Values company by estimating future cash flows discounted to present value.,"valuation,model"
N028,knowledge,Intrinsic value,True estimated worth of an asset based on fundamentals.,"valuation,fundamentals"
N029,knowledge,Rebalancing,Adjusting portfolio back to target allocation to control risk.,"portfolio,maintenance"
N030,knowledge,Risk-adjusted return,Return relative to risk taken. Higher indicates efficiency.,"metrics,performance"
N031,knowledge,Liquidity risk,Inability to sell at fair value quickly. Common in thinly traded assets.,"risk,liquidity"
N032,knowledge,Inflation risk,Rising prices erode real returns.,"risk,inflation"
N033,knowledge,Credit risk,Borrower may default on obligations.,"risk,credit"
N034,knowledge,Interest rate risk,Bond prices fall when interest rates rise.,"risk,interest"
N035,knowledge,Systematic risk,Market-wide risk that cannot be diversified away.,"risk,systematic"
N036,knowledge,Unsystematic risk,Company or industry-specific risk that can be diversified.,"risk,unsystematic"
N037,knowledge,Asset correlation,Degree to which assets move together. Lower correlation increases diversification.,"portfolio,correlation"
N038,knowledge,Portfolio optimization,Mathematically balancing risk and return using diversification principles.,"portfolio,optimization"
N039,knowledge,Expected return,Anticipated average gain or loss over time.,"returns,metrics"
N040,knowledge,Standard deviation,Statistical measure of volatility or dispersion around mean return.,"metrics,volatility"
N041,knowledge,Covariance,Indicates how two assets move relative to each other.,"statistics,portfolio"
N042,knowledge,Beta diversification,Combining assets with different market sensitivities to reduce volatility.,"portfolio,beta"
N043,knowledge,Efficient frontier,Set of portfolios offering highest return for given risk.,"portfolio,theory"
N044,knowledge,Modern portfolio theory,Mathematical framework optimizing risk-return tradeoff.,"portfolio,theory"
N045,knowledge,Black-Scholes model,Mathematical model for option pricing.,"derivatives,model"
N046,knowledge,Put-call parity,"Relationship between prices of puts, calls, and underlying assets.","derivatives,options"
N047,knowledge,Futures contracts,Agreements to buy/sell assets at set price in the future.,"derivatives,futures"
N048,knowledge,Hedging,Reducing risk exposure by taking offsetting positions.,"risk,hedging"
N049,knowledge,Stop orders,Automated trades that execute once a price threshold is met.,"trading,orders"
N050,knowledge,Trailing stops,Move stop price along with gains to lock in profits.,"trading,orders"
