Date,Close,Return,SMA20,SMA50,Vol20,Volume,Sector
2024-10-28,376.27443620399725,,,,,2125100,Pharma
2024-10-29,378.42009984868054,0.005702390165884141,,,,2722629,Pharma
2024-10-30,382.0075071780213,0.009479959787482839,,,,2033396,Pharma
2024-10-31,379.85203804025866,-0.005642478478199542,,,,1307708,Pharma
2024-11-01,378.21818212508043,-0.004301295640291025,,,,1510091,Pharma
2024-11-04,381.0498172514739,0.007486776839980225,,,,2770410,Pharma
2024-11-05,382.02715210638416,0.0025648479822397707,,,,1708871,Pharma
2024-11-06,382.3762824181662,0.0009138887376383131,,,,2604483,Pharma
2024-11-07,389.72158124741924,0.019209608877415185,,,,1687165,Pharma
2024-11-08,396.9661276655789,0.018589030648421767,,,,2873324,Pharma
2024-11-11,401.7855615558059,0.012140667816089135,,,,3166457,Pharma
2024-11-12,409.87865122378264,0.020142808608249796,,,,2106337,Pharma
2024-11-13,418.5048193728691,0.02104566345022163,,,,2160240,Pharma
2024-11-14,431.7825023391364,0.031726475662010145,,,,2333274,Pharma
2024-11-15,440.86512666036293,0.02103518385303338,,,,2378611,Pharma
2024-11-18,440.8501950565047,-3.386887044432019e-05,,,,2004257,Pharma
2024-11-19,436.40951247907725,-0.010072996739534767,,,,1914753,Pharma
2024-11-20,431.688251702223,-0.010818418576704625,,,,1423518,Pharma
2024-11-21,424.1562793597385,-0.017447712122775183,,,,2135761,Pharma
2024-11-22,422.1959744983834,-0.004621657056012807,404.2515049166472,,,2431987,Pharma
2024-11-25,420.27600516008454,-0.004547578504461081,406.45158336445155,,0.2100766166323112,2878743,Pharma
2024-11-26,418.9461233163712,-0.003164305902276676,408.4778845378361,,0.21237979293219922,2192484,Pharma
2024-11-27,419.88998526892624,0.002252943517136341,410.3720084423814,,0.21198998515486206,1443207,Pharma
2024-11-28,422.3906507849635,0.005955525503747561,412.4989390796166,,0.20836250826271843,1644383,Pharma
2024-11-29,416.03841069263734,-0.015038780049987488,414.3899505079944,,0.21824666270001064,2806993,Pharma
2024-12-02,409.4130390764592,-0.015924903676917568,415.8081115992437,,0.23002200501914863,2333558,Pharma
2024-12-03,408.32537958456186,-0.0026566312942812864,417.1230229731526,,0.23110652361138936,2626790,Pharma
2024-12-04,412.3194821734458,0.009781666260734623,418.62018296091657,,0.23196593479406735,1865625,Pharma
2024-12-05,411.65603831990614,-0.0016090528879267874,419.71690581454095,,0.225393610470225,2090815,Pharma
2024-12-06,412.9068382859546,0.00303845893079413,420.5139413455598,,0.21760374501330157,2571395,Pharma
2024-12-09,414.84138769930706,0.004685195869807091,421.16673265273477,,0.2146112074145797,1845127,Pharma
2024-12-10,413.9367656556299,-0.0021806455925097445,421.3696383743271,,0.20348927168335307,1475471,Pharma
2024-12-11,407.4973938769419,-0.015556414198890423,420.81926709953075,,0.19598030951517842,1851249,Pharma
2024-12-12,400.12655410318393,-0.018088066045359397,419.2364696877331,,0.1615146930116803,1790132,Pharma
2024-12-13,402.2392555113939,0.00528008298010918,417.3051761302847,,0.1373172018712806,2115694,Pharma
2024-12-16,405.35086183445725,0.007735710228250481,415.5302094691823,,0.1433352630484959,1487712,Pharma
2024-12-17,401.5820662496142,-0.009297613351028744,413.78883715770917,,0.14293616032524037,1959957,Pharma
2024-12-18,399.34782301744207,-0.005563603108669102,412.17181572347016,,0.1408677856597901,1725725,Pharma
2024-12-19,398.7648108536618,-0.0014599107098545172,410.9022422981663,,0.13151794346292744,2046138,Pharma
2024-12-20,397.0589438776828,-0.0042778774093108485,409.6453907671313,,0.13146907240426528,1395970,Pharma
2024-12-23,399.1935104880704,0.005375943907827363,408.5912660335306,,0.13463250172874106,2424755,Pharma
2024-12-24,390.4397749020574,-0.0219285518326946,407.1659486128149,,0.15124569723259346,1785545,Pharma
2024-12-25,389.6237210523134,-0.0020900889258752553,405.6526354019842,,0.14984382124126575,2622832,Pharma
2024-12-26,389.1121173063785,-0.0013130713513878067,403.988708728055,,0.14580441247103307,1552898,Pharma
2024-12-27,399.8706297047345,0.027648875272329176,403.1803196786598,,0.1782722260524436,3010134,Pharma
2024-12-30,403.37290829335075,0.008758529205314058,402.87831313950437,,0.17403439327366801,1821451,Pharma
2024-12-31,408.0728229409162,0.011651537698579073,402.86568530732217,,0.17921912178701283,1830721,Pharma
2025-01-01,415.4273816537275,0.018022662376308674,403.0210802813362,,0.18736876351190523,1453143,Pharma
2025-01-02,417.27879074623587,0.004456637126658114,403.30221790265267,,0.18772503439989519,2080271,Pharma
2025-01-03,415.5253626722011,-0.004202054149215373,403.43314412196503,406.1170986687111,0.1883102001814379,2411088,Pharma
2025-01-06,414.1179721603194,-0.003387014700693247,403.3969733450156,406.8739693878376,0.1880439142329681,2939697,Pharma
2025-01-07,421.613003952843,0.018098784154245706,403.7807852598763,407.73782746992083,0.19844504821247952,3379103,Pharma
2025-01-08,425.74900608904437,0.009809949165287213,404.69336587048144,408.61265744814125,0.19066221339504072,2987107,Pharma
2025-01-09,429.3448806869375,0.00844599645909927,406.15428219966907,409.60251430107485,0.1757842429959287,1822229,Pharma
2025-01-10,427.90405961832613,-0.0033558594347418147,407.4375224050157,410.59623185093983,0.17734778338006396,1734444,Pharma
2025-01-13,429.28401031750604,0.003224906770949554,408.63417982916815,411.5609157122604,0.17652388327870497,2426646,Pharma
2025-01-14,432.29612706305556,0.007016605960519451,410.16988286984025,412.5662952113938,0.1709451685551782,2320486,Pharma
2025-01-15,437.9917761416308,0.013175341443076194,412.1020805260497,413.67860508586307,0.17034915741619602,2251880,Pharma
2025-01-16,441.2877464682692,0.0075251877002653345,414.22822730678,414.7099283902801,0.1690319865873796,2065242,Pharma
2025-01-17,435.2352791977892,-0.013715466425069045,416.1370440727853,415.47531142092436,0.17902510129833873,1441435,Pharma
2025-01-20,429.21995248479385,-0.013820861957887787,417.6383661726215,416.02399923950406,0.19060223551973374,2581242,Pharma
2025-01-21,429.29507470895356,0.00017502034498817487,419.58113116296636,416.41232770920755,0.1657040331844238,1280335,Pharma
2025-01-22,423.2496429436833,-0.014082229499998045,421.2624272575348,416.50722418062384,0.17737992084978257,2112491,Pharma
2025-01-23,420.01396730655165,-0.007644839614341148,422.80751975754345,416.27185347997204,0.18137219907639848,2373634,Pharma
2025-01-24,416.12457677477636,-0.009260145696384892,423.6202171110455,415.7770424822603,0.16370479837414545,1648393,Pharma
2025-01-27,413.29808887238596,-0.0067924079954552186,424.1164761399973,415.22600035857795,0.16455028788230697,2641011,Pharma
2025-01-28,410.3327504916389,-0.007174817548364465,424.2294725175334,414.70446511882915,0.1623474839408807,1768755,Pharma
2025-01-29,415.34750661581484,0.012221193941179598,424.22547876563783,414.37765021710106,0.1551044208196781,3119157,Pharma
2025-01-30,411.8828801558717,-0.008341512600309908,423.9556832361196,414.1321822330237,0.15690861440366752,2469651,Pharma
2025-01-31,403.12054304361385,-0.021273856075158748,423.3354422546903,413.7506736039283,0.1729792721495845,1513983,Pharma
2025-02-03,407.45837590882644,0.01076063460438248,423.00246244211564,413.4943210189031,0.17810050271812514,1816064,Pharma
2025-02-04,414.49215051658797,0.017262559867797123,422.6464197703029,413.40524156290746,0.17694769796613885,1556597,Pharma
2025-02-05,417.61284016111773,0.007528947509959805,422.23961147390656,413.3596986607513,0.17531270267517018,1954358,Pharma
2025-02-06,424.3562061006799,0.016147410450695343,421.9901777445936,413.39900976706565,0.18273601178045057,2303936,Pharma
2025-02-07,430.06069499355124,0.013442689916776995,422.0980095133549,413.67945545308396,0.18890455144395657,1372708,Pharma
2025-02-10,437.8073559575801,0.018012948065726064,422.5241767953586,414.24734179070634,0.19894821546227343,1545890,Pharma
2025-02-11,431.707145602464,-0.01393354924741641,422.494727722329,414.71497711106434,0.20444885414378555,1426841,Pharma
2025-02-12,434.8796863496818,0.007348826118665164,422.33912323273154,415.16618119458917,0.200480409572618,2336984,Pharma
2025-02-13,433.42517080855833,-0.0033446389582655334,421.945994449746,415.60156384436215,0.19857088968623962,1711473,Pharma
2025-02-14,429.4898174607175,-0.009079660372514509,421.65872136289244,415.93322342785746,0.1952330185889351,1912781,Pharma
2025-02-17,427.997378020718,-0.0034749122780682873,421.5975926396886,416.1963432342856,0.1892992463266136,1679251,Pharma
2025-02-18,426.3445591716024,-0.0038617499405232403,421.45006686282113,416.44449910460503,0.18977023812403307,1361467,Pharma
2025-02-19,420.14077766730094,-0.01455109809857913,421.29462359900197,416.69736678041227,0.1902293729903938,1970664,Pharma
2025-02-20,416.92790058504204,-0.007647144131301409,421.14032026292654,417.03339371004944,0.19023055323324528,1495209,Pharma
2025-02-21,424.6140279590833,0.018435147571692623,421.56479282214184,417.4808891590032,0.19816660200345634,2096705,Pharma
2025-02-24,428.3521000224877,0.008803458711365675,422.3174933796469,417.94091392276385,0.19767683950197742,1891777,Pharma
2025-02-25,430.4871071948126,0.004984234166735213,423.32521121480556,418.5190147416678,0.19499641301629003,1599018,Pharma
2025-02-26,437.9467387834337,0.017328350754173272,424.4551728231866,419.2909930569876,0.19918084957656068,2155143,Pharma
2025-02-27,440.0767986314167,0.00486374177348603,425.86486874696385,420.11723281254274,0.19491768933079395,1871147,Pharma
2025-02-28,441.77223951314807,0.003852602288973106,427.7974535704405,421.011498725252,0.17178649253427666,1559564,Pharma
2025-03-03,445.5595023090359,0.008572885430876198,429.702509890451,421.9388185616714,0.170926697847204,2342488,Pharma
2025-03-04,440.7039712208582,-0.010897604165133412,431.01310092566456,422.94410248804735,0.1723369817012747,1617201,Pharma
2025-03-05,445.1673162001569,0.010127762105102356,432.39082472761646,424.05497439100424,0.17346072172273633,1788786,Pharma
2025-03-06,450.4315040890231,0.011825189535027203,433.6945896270337,425.2813621266571,0.16984119636230957,1577863,Pharma
2025-03-07,452.94660660747934,0.005583762449171692,434.83888520772996,426.342881664712,0.16569758127356513,2194263,Pharma
2025-03-10,460.89084619417,0.01753901998779095,435.99305971955954,427.4932404227283,0.165122226989229,2742169,Pharma
2025-03-11,464.58542713530596,0.008016173399068682,437.63697379620163,428.6234925066162,0.15393345848970819,1834157,Pharma
2025-03-12,456.28824080276326,-0.017859334038315078,438.70740151885565,429.44070968959693,0.17110373591648734,2118201,Pharma
2025-03-13,452.50737032796746,-0.008286144889782743,439.6615114948262,430.1452812812315,0.1741985624330386,1017843,Pharma
2025-03-14,453.2571483779904,0.0016569410780635785,440.8498780406899,430.8999169953473,0.16905978975933517,1381248,Pharma
2025-03-17,441.55983093002686,-0.025807243172718097,441.5280006861552,431.44875417074144,0.19634965259047535,2548169,Pharma
2025-03-18,438.25645905161963,-0.007481142185079559,442.1235956801561,431.78162327271696,0.19810573760769942,2419287,Pharma
2025-03-19,443.04628959136414,0.010929286815554606,443.2688712763593,432.1275689427634,0.19133548204748196,2842439,Pharma
2025-03-20,430.71205605239123,-0.027839604638940085,443.9580790497268,432.15491245007246,0.2174935659816816,3089406,Pharma
2025-03-21,416.4062038536379,-0.033214422484178496,443.5476878444545,431.9249553347787,0.24085603251884471,2640427,Pharma
2025-03-24,417.1020092746918,0.0016709775565650897,442.98518330706463,431.6813153139225,0.2383764713661757,5360887,Pharma
2025-03-25,408.80476882645746,-0.019892592851956326,441.9010663886469,431.2114881491905,0.24601967015983867,2583881,Pharma
2025-03-26,419.37382866237976,0.025853562976436262,440.9724208825942,430.83912919960545,0.2567443917221107,2003496,Pharma
2025-03-27,431.36644470569854,0.02859648176322782,440.5369031863082,430.6407031643541,0.27813720602828157,2368116,Pharma
2025-03-28,436.31237185705305,0.011465720646697264,440.2639098035035,430.6622450175393,0.2811419866368957,2492868,Pharma
2025-03-31,437.29079593677835,0.0022424852991467237,439.8504744848907,430.823661886579,0.27933297137431484,1657484,Pharma
2025-04-01,441.75313439821707,0.01020451036907688,439.9029326437586,431.07282308036423,0.2792472269237842,1469137,Pharma
2025-04-02,445.84534687401765,0.00926357315240156,439.9368341774516,431.5247371589709,0.2788590471970722,2256329,Pharma
2025-04-03,452.8662619762929,0.015747422624238228,440.0585720718151,432.1817830523658,0.281359712130344,2191727,Pharma
2025-04-04,467.5660154236929,0.0324593697557658,440.78954251262587,433.2106118253442,0.3032258641384718,2311229,Pharma
2025-04-07,477.6024592258088,0.0214652978853076,441.6251231642078,434.4966992324126,0.30624043376585697,1734433,Pharma
2025-04-08,475.6797383552481,-0.0040257767384142,442.1798387252049,435.80363898968477,0.3060647933040767,1924090,Pharma
2025-04-09,472.7028370971575,-0.0062582048762130915,443.00056853992453,436.9507455993116,0.2990948962051722,2333333,Pharma
2025-04-10,476.5718472552298,0.00818486764714943,444.20379238628766,438.2445249412988,0.2973368241344037,2425477,Pharma
2025-04-11,488.292668113223,0.024594026956267223,445.9555683730493,439.947967442691,0.30719110706726427,1979509,Pharma
2025-04-14,502.5987478973752,0.029298166280954607,449.0075142214167,441.8507748824619,0.2986497162151575,2060806,Pharma
2025-04-15,521.966241960742,0.03853470416388971,453.1930033668729,444.00025671134506,0.3140168851423229,1803103,Pharma
2025-04-16,524.1656121228291,0.0042136252984967815,457.2489694934461,446.13131215057916,0.31436406374055864,2160246,Pharma
2025-04-17,529.792971078525,0.010735841546158698,462.2030152447527,448.2400474501361,0.28329872173216336,1848042,Pharma
2025-04-18,526.0343658637415,-0.007094479202190862,467.684423345258,450.1595208675399,0.24192317368288305,1339609,Pharma
2025-04-21,521.6519136003712,-0.008331113987532612,472.91191856154194,451.83641202039576,0.249982953503947,5414629,Pharma
2025-04-22,512.5371491122899,-0.017472886134304644,478.0985375758335,453.4530120905922,0.24608756441432464,1515646,Pharma
2025-04-23,510.5955509346098,-0.0037882096566910217,482.6596236894451,454.96732938229087,0.24562405268287768,1893182,Pharma
2025-04-24,507.5621318401438,-0.00594094305936177,486.46940804616736,456.45006860292256,0.24150636441898163,2962467,Pharma
2025-04-25,500.8738637545464,-0.013177240117085542,489.69748264104203,457.8777495287992,0.25276708178523327,1753388,Pharma
2025-04-28,503.7623026728291,0.00576679904323818,493.0210579778445,459.39304802184137,0.2521882962199073,2275030,Pharma
2025-04-29,517.0409153377025,0.02635888512185325,496.7854470248188,461.2069751451633,0.26108702367906045,2355603,Pharma
2025-04-30,516.3070401487254,-0.0014193754637343847,500.3085316885542,463.13030039479185,0.26316136830123493,2401443,Pharma
2025-05-01,516.6254759403035,0.0006167566328099117,503.49649238675477,465.1242519018971,0.26234581316427596,1610557,Pharma
2025-05-02,507.81053464913373,-0.0170625369860552,505.5087183480267,466.7881820356981,0.25677758695963293,1653019,Pharma
2025-05-05,495.07029542143994,-0.02508856819304961,506.38211015780826,468.1225459436771,0.268319322528481,2213224,Pharma
2025-05-06,488.3336282659151,-0.013607496183527079,507.0148046533417,469.2794763650992,0.27325150733039993,2218203,Pharma
2025-05-07,493.4857295940091,0.010550371774291412,508.05394927818435,470.3902561813107,0.27347393273455173,2586276,Pharma
2025-05-08,502.11312206435315,0.017482557150014788,509.3310130186404,471.63098264996944,0.27808311354274995,1345310,Pharma
2025-05-09,517.8801160638642,0.03140127853000085,510.81038541617244,473.15314018098366,0.28610656230260423,1716115,Pharma
2025-05-12,523.0602033411682,0.01000248342545973,511.83345818836216,474.7031542016264,0.27044088250234305,2656055,Pharma
2025-05-13,515.2382008979939,-0.01495430620263094,511.4970561352246,476.1938387951691,0.23987518224728235,2619167,Pharma
2025-05-14,503.22418689785826,-0.023317397621521074,510.44998487397623,477.35497620912315,0.2522270706962374,2191944,Pharma
2025-05-15,488.816183098368,-0.028631381747186824,508.4011454749683,478.12266978930995,0.2644480543305666,2031481,Pharma
2025-05-16,496.3573053300954,0.01542731704160838,506.91729244828605,478.9908837637623,0.2727758844598386,1582703,Pharma
2025-05-19,497.9741581396135,0.0032574373181488703,505.73340467524815,479.7325500026712,0.2727379593459095,1359027,Pharma
2025-05-20,503.8745740504581,0.011848839572093484,505.3002759221566,480.5183329409743,0.27078425279498547,1766381,Pharma
2025-05-21,500.90780151312777,-0.005887918720489438,504.81588845108246,481.4107241551815,0.2712026968461791,1890578,Pharma
2025-05-22,495.0361998640641,-0.011721920942989739,504.1895918522785,482.2613007459035,0.2734181297179368,1771590,Pharma
2025-05-23,497.38415979432546,0.004743006533473926,504.0151066542674,483.1438409742302,0.2703080787397322,1530087,Pharma
2025-05-26,497.3482808060646,-7.213536570138679e-05,503.6944055609292,484.259609971751,0.26938826960698575,2163845,Pharma
2025-05-27,501.64246612115306,0.008634161373049842,502.9244831001018,485.52733011314166,0.25278152955262384,1516052,Pharma
2025-05-28,491.39742598206243,-0.020422992132839712,501.6790023917686,486.49435284095557,0.2616556345637614,1505860,Pharma
2025-05-29,493.56648635035106,0.004414065384965582,500.526052912271,487.7514414469148,0.26257037109722003,2037299,Pharma
2025-05-30,494.84282288521194,0.0025859465141133686,499.8776673240749,489.3201738275462,0.25697331364689685,2035391,Pharma
2025-06-02,484.6978919698257,-0.020501319704377186,499.35904715149417,490.6720914814489,0.2517730757845536,2574571,Pharma
2025-06-03,476.02106832180095,-0.01790150894356468,498.7434191542884,492.0164174713558,0.2550785455269432,1871325,Pharma
2025-06-04,409.2775961316764,-0.1402111726386961,494.5330124811718,491.81449282074175,0.5519481920196214,2587629,Pharma
2025-06-05,395.11526066647946,-0.03460325118954344,489.18311941127814,491.0894691399574,0.5501516573309362,2541130,Pharma
2025-06-06,378.6530740909834,-0.041664264113027816,482.2217673126341,489.9362831846359,0.5358914295024845,2525724,Pharma
2025-06-09,373.67414005088347,-0.013149065413116334,474.7524641481198,488.66395006691806,0.527835132795916,2830875,Pharma
2025-06-10,372.95590199866007,-0.0019220972907720846,467.6383492031532,487.2880054189269,0.5302340657698131,1629217,Pharma
2025-06-11,377.62000913957206,0.012505787188021866,461.35814031523876,485.92349866423797,0.5383737046307796,1956672,Pharma
2025-06-12,378.855928805576,0.003272918902841093,455.8601276005993,484.44329200082365,0.5385204937241933,2423428,Pharma
2025-06-13,374.40808519110874,-0.011740197991595536,449.7626665936499,482.58013339617196,0.528667330376174,1649032,Pharma
2025-06-16,366.43061256989824,-0.02130689196291946,443.18548931516415,480.35669646305377,0.5255669389343786,2090878,Pharma
2025-06-17,366.2653814128211,-0.0004509207238945212,436.3050296832824,478.1684093242053,0.5191141011042196,1825021,Pharma
2025-06-18,362.2195539475674,-0.011046163985379831,429.37061730500426,475.9587436612135,0.5181997326127078,2021442,Pharma
2025-06-19,357.6124002742715,-0.012719229602835891,422.4994273255146,473.57955472159426,0.5181146670758644,2412038,Pharma
2025-06-20,351.5326063957993,-0.017001071198340267,415.2068496555883,470.84435348724577,0.5125225127842868,5567867,Pharma
2025-06-23,349.97619056724113,-0.004427514831457091,407.83824514364716,467.79190234064316,0.5108828960200199,1729371,Pharma
2025-06-24,356.48749926520566,0.018605004778785128,400.5804968008498,464.48232748673234,0.5186549480088066,1298920,Pharma
2025-06-25,358.0854111744221,0.004482378519611752,393.91489606046775,461.1607234677642,0.5235935738494537,1620096,Pharma
2025-06-26,358.7589386332283,0.0018809128710304268,387.17451867461165,457.74004281885834,0.5224147927034414,1262426,Pharma
2025-06-27,360.9065255245781,0.005986155772261803,380.47770380658,454.437486012075,0.5240925576478724,3990902,Pharma
2025-06-30,360.431157358205,-0.0013171503776003846,374.2643670759989,451.2130708872317,0.5258890688375325,1580970,Pharma
2025-07-01,356.1060562880295,-0.011999797969399983,368.2686164743103,448.08444903074655,0.525745887049961,1965915,Pharma
2025-07-02,355.10800520226724,-0.002802679337065239,365.5601369278399,444.9746981160996,0.23173198872056444,2216271,Pharma
2025-07-03,354.4658529663009,-0.0018083293717937599,363.52766654283096,441.9127725386228,0.2078771163351281,2399935,Pharma
2025-07-04,344.813716452596,-0.02723008840747909,361.8356986609116,438.79156959258376,0.17868018976886157,2208265,Pharma
2025-07-07,344.1096875993181,-0.002041765798996842,360.3574760383333,435.5985172911135,0.17596877199391187,1637187,Pharma
2025-07-08,343.78881417744043,-0.000932474247139714,358.89912164727235,432.13347526790835,0.17616274929361422,1586140,Pharma
2025-07-09,342.7069033014366,-0.0031470217511073706,357.15346635536554,428.66147253096256,0.16512166345336676,2200682,Pharma
2025-07-10,341.9104933805579,-0.002323880590692995,355.3061945841147,425.1671728797677,0.1626752089046106,4528298,Pharma
2025-07-11,335.65821975536755,-0.01828628762859108,353.36870131232763,421.7241265818923,0.16781508254904387,1908964,Pharma
2025-07-14,336.5492636491427,0.0026546166348153655,351.87463386628986,418.55370594644637,0.1590033197611846,3062474,Pharma
2025-07-15,331.45077477372155,-0.015149309257548649,350.1339035343349,415.41604887660253,0.162923003332304,1475253,Pharma
2025-07-16,330.2821133790845,-0.003525897308385817,348.5370315059107,412.15197655230406,0.1613587436691918,2303035,Pharma
2025-07-17,328.11355571978515,-0.0065657738383499975,347.06208927818636,408.67198522541264,0.1586856525643374,2479846,Pharma
2025-07-18,329.06876324675676,0.0029112101902530885,345.9388971207342,404.8957581690705,0.15310321003564692,1721305,Pharma
2025-07-21,331.6704475566972,0.00790620259507735,345.0236099702071,401.06796305338105,0.1580274773920541,1646700,Pharma
2025-07-22,332.07313304668435,0.0012141132650003161,343.80289165928104,397.4046616963549,0.1377861208416674,1840431,Pharma
2025-07-23,328.0208584339047,-0.012202958353182858,342.2996640222551,393.9005951270758,0.13768716986042623,2527960,Pharma
2025-07-24,325.7329027960258,-0.006975030944076144,340.64836223039504,390.638929521029,0.13595877892352415,1785107,Pharma
2025-07-25,313.5667187413208,-0.037350184615287385,338.28137189123214,386.98311778925347,0.1725390513469067,2735533,Pharma
2025-07-28,313.086554348315,-0.0015312989686316891,335.91414174073765,383.28536571342755,0.1724479981646855,1491662,Pharma
2025-07-29,310.74367584797676,-0.0074831654946502235,333.646022718735,379.4227477493779,0.17143936346275282,1164427,Pharma
2025-07-30,304.8750818110293,-0.018885642711578554,331.13437654917306,375.5020933553359,0.17599323618470458,2130689,Pharma
2025-07-31,327.79918317384994,0.0751917842109171,329.8010430595506,372.1573530215316,0.342609897091122,3083098,Pharma
2025-08-01,334.3368470498746,0.01994411277271979,329.2771995894145,368.8964067666426,0.3405313872348198,2102833,Pharma
2025-08-04,334.561806526109,0.0006728527777282167,328.79980553575405,365.64067728104345,0.34059234687194345,1825702,Pharma
2025-08-05,332.49671786533986,-0.006172517664857824,328.235200720149,362.25776231592727,0.341046737821634,2005887,Pharma
2025-08-06,330.8692059859699,-0.004894820886710449,327.6433158543757,359.0471979160054,0.34121811950794534,1918096,Pharma
2025-08-07,333.4194254791775,0.007707636271583773,327.2187624593067,355.8442566985819,0.3427679390864081,2157325,Pharma
2025-08-08,332.71901997955933,-0.0021006739442717137,327.0718024705162,352.60178064046886,0.33672922128774724,2123871,Pharma
2025-08-11,325.60851684803276,-0.02137089467251796,326.5247651304607,349.419993138033,0.34470292805863645,2111697,Pharma
2025-08-12,321.1404824432952,-0.013722105453472744,326.00925051393943,346.3223814204628,0.34398618554198196,3097901,Pharma
2025-08-13,327.1085298345148,0.018583914883024466,325.8505713367109,344.67900009451967,0.351022243996179,2360672,Pharma
2025-08-14,326.93266044625614,-0.000537648432303639,325.7915265730345,343.31534809011515,0.35023641501986114,1891014,Pharma
2025-08-15,323.5452025862115,-0.01036133207193446,325.51534854000727,342.21319066001973,0.35196042649288145,2992204,Pharma
2025-08-18,317.5521365664372,-0.018523118166703156,324.8094329904942,341.09075059033086,0.35595084302109414,2283977,Pharma
2025-08-19,312.0576468481655,-0.01730263816733013,323.80865868056827,339.8727854873209,0.3598221766205993,2297270,Pharma
2025-08-20,311.07791914880255,-0.0031395727977134857,322.96151171631317,338.5419436875056,0.3581370895391036,2775524,Pharma
2025-08-21,309.16875636257816,-0.006137249443639026,322.1333043946408,337.1482002386456,0.3580078555710294,2405371,Pharma
2025-08-22,310.3794814252597,0.00391606537777589,321.9739425288377,335.8676281633286,0.3336706915638679,2141609,Pharma
2025-08-25,310.20083571220664,-0.0005755719167798157,321.82965659703234,334.74303262617485,0.3336414379282802,1971555,Pharma
2025-08-26,298.20534724707255,-0.03867007139936618,321.20274016698716,333.3818319428598,0.35992719337144996,1534143,Pharma
2025-08-27,296.0471780594844,-0.007237191443787427,320.7613449794099,332.0583844250981,0.3549419166787567,2471816,Pharma
2025-08-28,290.82464567486,-0.017640878791200798,318.9126181044604,330.72262933310986,0.2153233895594833,1733295,Pharma
2025-08-29,291.6692352697344,0.0029041197416901365,316.7792375154533,329.52536191058863,0.1958337793062791,3117372,Pharma
2025-09-01,291.60842356192654,-0.00020849544776835316,314.63156836724426,328.3580065704823,0.19541643682891346,1405726,Pharma
2025-09-02,291.1103964274457,-0.0017078626481277226,312.56225229534954,327.05046451372715,0.19623963283141427,5223075,Pharma
2025-09-03,292.50637398358595,0.004795354522792339,310.6441106952303,325.73888376991044,0.20029682591802755,2384834,Pharma
2025-09-04,296.84500984526863,0.014832619893357046,308.8153899135349,324.5006051941512,0.20823484650886176,2312138,Pharma
2025-09-05,304.08665950659446,0.024395389584283667,307.3837718898866,323.36420787379154,0.23397516023956647,2325208,Pharma
2025-09-08,307.69091686941954,0.011852730957264912,306.48789189095595,322.30940306401584,0.23169594964033272,2455507,Pharma
2025-09-09,313.52583361469414,0.018963565140763805,306.1071594495259,321.4577986105491,0.24001817262537806,1954628,Pharma
2025-09-10,320.5827255514962,0.022508167366758647,305.780869235375,320.7672930175337,0.24464407640815009,2235390,Pharma
2025-09-11,326.55264973258244,0.01862210189527902,305.76186869969126,320.20902895285934,0.2542775712064666,1767082,Pharma
2025-09-12,329.87395009050016,0.010170795921079057,306.07830607490575,319.9102336256174,0.2535559225424475,1469840,Pharma
2025-09-15,341.2989708781663,0.034634504435805624,307.26564779049215,319.8540192911944,0.2687704732769214,1714305,Pharma
2025-09-16,348.1207136301441,0.019987586644124367,309.0688011295912,319.94065728024844,0.2625550246103363,1306600,Pharma
2025-09-17,344.51404211780005,-0.010360404799629186,310.740607278041,319.9768000565757,0.26696189724131514,1728666,Pharma
2025-09-18,340.6355643436608,-0.01125782203331227,312.31394767709514,319.9513014758378,0.27045529507411226,2441278,Pharma
2025-09-19,339.0624981271607,-0.004618032822060414,313.7480985121902,320.01938704327364,0.2725954181367723,1711254,Pharma
2025-09-22,341.94026951761003,0.008487436405809845,315.3350702024603,320.127207160643,0.2722246819157764,1719782,Pharma
2025-09-23,347.7395450999657,0.016959908204251528,317.811780095105,320.45298256716785,0.2205081697456781,1447094,Pharma
2025-09-24,344.5560102088854,-0.00915494063283806,320.2372217025751,320.7384605037639,0.22234063869407267,2781698,Pharma
2025-09-25,337.7749738743759,-0.019680505153279793,322.58473811255084,320.93168886685567,0.2255199821740477,1758622,Pharma
2025-09-26,333.5730450145419,-0.012440024231625824,324.67992859979125,321.02177450221143,0.23609265947979222,1655581,Pharma
2025-09-29,324.18409583104494,-0.028146606339512936,326.30871221324713,320.87204746769834,0.26607792974879146,3319322,Pharma
2025-09-30,326.0223849501805,0.0056705098824267886,328.05431163938385,320.75103250576825,0.2647338213668921,3140561,Pharma
2025-10-01,320.879130131677,-0.015775772020345746,329.47294944678845,320.6081979397237,0.27562697828342875,2535368,Pharma
2025-10-02,322.15762861887964,0.003984361608927234,330.738580385469,320.5366924561808,0.2730586198855469,2381833,Pharma
2025-10-03,318.96128772284305,-0.009921667569194659,331.4823117962814,320.64458383581126,0.2665560194797604,2162437,Pharma
2025-10-06,318.8799881673454,-0.00025488847276133875,332.04176536117774,320.7604525121919,0.2643921002481523,1537688,Pharma
2025-10-07,331.27166457810523,0.03886000022132707,332.9290569093483,321.17101228679445,0.28963240884203173,2441420,Pharma
2025-10-08,337.5429543987054,0.018930957552880434,333.77706835170875,321.82436973854794,0.28668597412500235,2042641,Pharma
2025-10-09,338.82324730028193,0.0037929777081475713,334.3905982300937,322.0448510210766,0.2805533687895764,1958393,Pharma
2025-10-10,338.2840849128818,-0.0015912792044115998,334.8111049712128,322.1237957783367,0.27910925975587925,2062179,Pharma
2025-10-13,335.80485615170085,-0.007328836536366845,334.53639923488953,322.14865677084856,0.2511993114042468,2120999,Pharma
2025-10-14,338.50908700607835,0.008052983168164385,334.0558179036862,322.26890415366336,0.24155483187529303,2144628,Pharma
